{"cameraMode":{"drawMode":0,"name":"Shaded","section":"Shading Mode"},"sceneLighting":false,"audioPlay":false,"sceneViewState":{"m_AlwaysRefresh":false,"showFog":true,"showSkybox":false,"showFlares":true,"showImageEffects":true,"showParticleSystems":true,"showVisualEffectGraphs":true,"m_FxEnabled":true},"in2DMode":false,"pivot":{"x":0.10410461574792862,"y":1.743971586227417,"z":4.9066572189331059},"rotation":{"x":-0.0030968734063208105,"y":0.7255174517631531,"z":-0.0032648539636284115,"w":-0.6881896257400513},"size":0.6616435050964356,"orthographic":true}