{"cameraMode":{"drawMode":0,"name":"Shaded","section":"Shading Mode"},"sceneLighting":true,"audioPlay":false,"sceneViewState":{"m_AlwaysRefresh":false,"showFog":true,"showSkybox":true,"showFlares":true,"showImageEffects":true,"showParticleSystems":true,"showVisualEffectGraphs":true,"m_FxEnabled":true},"in2DMode":false,"pivot":{"x":1.57505464553833,"y":0.49191218614578249,"z":6.203257083892822},"rotation":{"x":-0.021591797471046449,"y":0.7276768088340759,"z":-0.022929375991225244,"w":-0.685218870639801},"size":2.3442699909210207,"orthographic":true}