{"cameraMode":{"drawMode":0,"name":"Shaded","section":"Shading Mode"},"sceneLighting":true,"audioPlay":false,"sceneViewState":{"m_AlwaysRefresh":false,"showFog":true,"showSkybox":true,"showFlares":true,"showImageEffects":true,"showParticleSystems":true,"showVisualEffectGraphs":true,"m_FxEnabled":true},"in2DMode":false,"pivot":{"x":2.6136226654052736,"y":0.28913450241088869,"z":4.36234188079834},"rotation":{"x":-0.21855242550373078,"y":0.38456758856773379,"z":-0.09423640370368958,"w":-0.8918872475624085},"size":8.548946380615235,"orthographic":false}