{"cameraMode":{"drawMode":0,"name":"Shaded","section":"Shading Mode"},"sceneLighting":true,"audioPlay":false,"sceneViewState":{"m_AlwaysRefresh":false,"showFog":true,"showSkybox":true,"showFlares":true,"showImageEffects":true,"showParticleSystems":true,"showVisualEffectGraphs":true,"m_FxEnabled":true},"in2DMode":false,"pivot":{"x":-11.167267799377442,"y":-13.856210708618164,"z":22.342220306396486},"rotation":{"x":-0.3247424364089966,"y":0.22320608794689179,"z":-0.07915828377008438,"w":-0.9156762361526489},"size":21.97996711730957,"orthographic":false}