{"cameraMode":{"drawMode":0,"name":"Shaded","section":"Shading Mode"},"sceneLighting":false,"audioPlay":false,"sceneViewState":{"m_AlwaysRefresh":false,"showFog":true,"showSkybox":false,"showFlares":true,"showImageEffects":true,"showParticleSystems":true,"showVisualEffectGraphs":true,"m_FxEnabled":true},"in2DMode":false,"pivot":{"x":-0.32401585578918459,"y":2.3767879009246828,"z":-5.739227294921875},"rotation":{"x":0.12681837379932404,"y":-0.5230397582054138,"z":0.0790497288107872,"w":0.8391050696372986},"size":2.4868831634521486,"orthographic":false}